epoch,accuracy,auc,f1_score,loss,precision,recall,val_accuracy,val_auc,val_f1_score,val_loss,val_precision,val_recall
0,0.5243192911148071,0.9438978433609009,0.5198606252670288,2.1523008346557617,0.8692718148231506,0.3294554352760315,0.7429048418998718,0.9868754744529724,0.7206917405128479,0.9518742561340332,0.9067296385765076,0.6410684585571289
1,0.7186468839645386,0.98195481300354,0.7170981168746948,1.1037557125091553,0.8882898688316345,0.5981848239898682,0.7754591107368469,0.9867730140686035,0.756740391254425,0.8224637508392334,0.8864583373069763,0.7103505730628967
2,0.7737624049186707,0.9865826964378357,0.7729347348213196,0.8679881691932678,0.8998692631721497,0.6816213130950928,0.7871452569961548,0.9841561317443848,0.7707414627075195,0.7796977758407593,0.8883349895477295,0.7437395453453064
3,0.8024958968162537,0.988913893699646,0.8018258810043335,0.7442423701286316,0.9056109189987183,0.7271039485931396,0.8013355731964111,0.983477771282196,0.7764343619346619,0.7519626021385193,0.8806983232498169,0.7579298615455627
4,0.8221328258514404,0.9901936650276184,0.8216181993484497,0.6620705127716064,0.9110626578330994,0.7581477165222168,0.7963272333145142,0.9802308082580566,0.7777490019798279,0.7623867988586426,0.8786126971244812,0.7612687945365906
5,0.834220290184021,0.9917203187942505,0.8338168263435364,0.6033552885055542,0.9148554801940918,0.7788159847259521,0.8005008101463318,0.9786037802696228,0.7774982452392578,0.7733504772186279,0.8671655654907227,0.773789644241333
