epoch,accuracy,auc,f1_score,loss,precision,recall,val_accuracy,val_auc,val_f1_score,val_loss,val_precision,val_recall
0,0.04256207123398781,0.6556746959686279,0.0061075687408447266,5.391622066497803,0.125,0.00020863758982159197,0.06677796691656113,0.7110889554023743,0.005275825038552284,4.965319633483887,0.3571428656578064,0.00417362293228507
1,0.06060922145843506,0.6996049880981445,0.006304659880697727,4.999785423278809,0.0,0.0,0.07929883152246475,0.737249493598938,0.005819558631628752,4.771503448486328,0.6666666865348816,0.001669449033215642
2,0.06446901708841324,0.7139479517936707,0.00788930244743824,4.895177364349365,0.2857142984867096,0.00020863758982159197,0.07345575839281082,0.7238405346870422,0.006862078793346882,4.833606719970703,0.31578946113586426,0.00500834733247757
3,0.06780721992254257,0.7278516292572021,0.007574106100946665,4.833482265472412,0.3333333432674408,0.00020863758982159197,0.08180300146341324,0.7270815968513489,0.008086678571999073,4.808277130126953,0.25,0.00500834733247757
4,0.07531817257404327,0.7399243712425232,0.011195270344614983,4.784592151641846,0.4285714328289032,0.0003129563992843032,0.08180300146341324,0.7455204725265503,0.009676996618509293,4.727067947387695,0.3255814015865326,0.011686143465340137
5,0.07938660681247711,0.7463147044181824,0.011668235063552856,4.734266757965088,0.25,0.00020863758982159197,0.08013355731964111,0.7559327483177185,0.01141838077455759,4.6772918701171875,0.375,0.01001669466495514
